,dx,co,pe,ou,co_1 All Populations,co_2 HIV Testing Status,value
3,HTS_TST,yPvzI5AzZbH,202407,EpiC,MSM,Positive,3
5,HTS_TST,D1fEttl1Daq,202408,EpiC,MSM,Negative,3
13,HTS_TST,GQ75QdnvnYr,202408,EpiC,MSM,Positive,1
20,HTS_TST,D1fEttl1Daq,202407,EpiC,MSM,Negative,4
49,HTS_TST,D1fEttl1Daq,202409,EpiC,MSM,Negative,2
55,HTS_TST,GQ75QdnvnYr,202407,EpiC,MSM,Positive,1
62,HTS_TST,CBvQCjnU5ad,202407,EpiC,MSM,Positive,1
65,HTS_TST,GdGMDL0wkUI,202407,EpiC,MSM,Negative,65
79,HTS_TST,wekFgCAgQu0,202408,EpiC,Clients of FSW,Positive,8
81,HTS_TST,r1keo014W0c,202407,EpiC,MSM,Negative,146
86,HTS_TST,JRq8qlJlRyT,202408,EpiC,Clients of FSW,Negative,58
87,HTS_TST,CBvQCjnU5ad,202409,EpiC,MSM,Positive,3
92,HTS_TST,GQ75QdnvnYr,202409,EpiC,MSM,Positive,5
93,HTS_TST,GdGMDL0wkUI,202409,EpiC,MSM,Negative,844
106,HTS_TST,r1keo014W0c,202409,EpiC,MSM,Negative,1006
127,HTS_TST,JRq8qlJlRyT,202407,EpiC,Clients of FSW,Negative,45
130,HTS_TST,YbFyheomukD,202407,EpiC,MSM,Negative,1
138,HTS_TST,Ss3WLPvz4zk,202408,EpiC,MSM,Negative,65
148,HTS_TST,KrPh1XtYpSg,202408,EpiC,MSM,Positive,2
154,HTS_TST,Ss3WLPvz4zk,202409,EpiC,MSM,Negative,791
155,HTS_TST,IZW1xUsIE2H,202409,EpiC,MSM,Positive,5
180,HTS_TST,KrPh1XtYpSg,202409,EpiC,MSM,Positive,57
188,HTS_TST,wekFgCAgQu0,202407,EpiC,Clients of FSW,Positive,8
192,HTS_TST,ZavKaNa2vwE,202408,EpiC,MSM,Positive,6
200,HTS_TST,GdGMDL0wkUI,202408,EpiC,MSM,Negative,38
201,HTS_TST,OMQaZdInQkv,202407,EpiC,MSM,Negative,1
211,HTS_TST,r1keo014W0c,202408,EpiC,MSM,Negative,129
227,HTS_TST,VdBxCdUVexn,202408,EpiC,MSM,Positive,2
228,HTS_TST,NufgCn3Ef6N,202409,EpiC,MSM,Positive,6
240,HTS_TST,gT8dmZi6mgR,202408,EpiC,MSM,Negative,101
242,HTS_TST,wQyWuQHzTnJ,202409,EpiC,MSM,Negative,75
245,HTS_TST,AbDgvaSIj7p,202409,EpiC,MSM,Positive,5
251,HTS_TST,gT8dmZi6mgR,202409,EpiC,MSM,Negative,237
260,HTS_TST,p0unBXtGbM9,202409,EpiC,Clients of FSW,Negative,2
267,HTS_TST,TPfWcv4pV8X,202408,EpiC,MSM,Positive,1
272,HTS_TST,TPfWcv4pV8X,202407,EpiC,MSM,Positive,2
276,HTS_TST,p0unBXtGbM9,202408,EpiC,Clients of FSW,Negative,2
284,HTS_TST,ruMRZxUJuQB,202408,EpiC,MSM,Positive,10
285,HTS_TST,VdBxCdUVexn,202407,EpiC,MSM,Positive,2
296,HTS_TST,kLT6CrQ6dUY,202409,EpiC,MSM,Negative,1147
297,HTS_TST,IZW1xUsIE2H,202408,EpiC,MSM,Positive,2
302,HTS_TST,GDZ5VXv4dy0,202408,EpiC,MSM,Positive,2
315,HTS_TST,cPdMAd3GdC7,202409,EpiC,Clients of FSW,Negative,2
319,HTS_TST,gT8dmZi6mgR,202407,EpiC,MSM,Negative,144
321,HTS_TST,Ss3WLPvz4zk,202407,EpiC,MSM,Negative,77
325,HTS_TST,ZavKaNa2vwE,202407,EpiC,MSM,Positive,12
333,HTS_TST,kLT6CrQ6dUY,202407,EpiC,MSM,Negative,1
339,HTS_TST,HtwcvP6RAqG,202409,EpiC,Clients of FSW,Negative,25
345,HTS_TST,YbFyheomukD,202408,EpiC,MSM,Negative,2
349,HTS_TST,r7R9rELgrDG,202407,EpiC,MSM,Negative,1
358,HTS_TST,cPdMAd3GdC7,202407,EpiC,Clients of FSW,Negative,2
398,HTS_TST,ruMRZxUJuQB,202407,EpiC,MSM,Positive,12
402,HTS_TST,OsYOSPhve5P,202408,EpiC,MSM,Positive,4
404,HTS_TST,GDZ5VXv4dy0,202409,EpiC,MSM,Positive,4
406,HTS_TST,nHTEiwTtSwP,202407,EpiC,Clients of FSW,Negative,1
407,HTS_TST,GP6Ji9trpbk,202409,EpiC,MSM,Negative,1
409,HTS_TST,YbFyheomukD,202409,EpiC,MSM,Negative,4
411,HTS_TST,j11YIYclHSV,202409,EpiC,Clients of FSW,Negative,93
413,HTS_TST,cPdMAd3GdC7,202408,EpiC,Clients of FSW,Negative,2
424,HTS_TST,IZW1xUsIE2H,202407,EpiC,MSM,Positive,2
428,HTS_TST,yPvzI5AzZbH,202408,EpiC,MSM,Positive,5
439,HTS_TST,LUkORrTc7S5,202408,EpiC,MSM,Negative,8
448,HTS_TST,Px3InhE0Bhv,202408,EpiC,MSM,Positive,24
456,HTS_TST,RaBuEijpO0j,202408,EpiC,Clients of FSW,Negative,32
460,HTS_TST,BbjBOD2Sjg8,202408,EpiC,MSM,Negative,6
471,HTS_TST,OsYOSPhve5P,202409,EpiC,MSM,Positive,4
478,HTS_TST,xXVei1LIPWR,202408,EpiC,Clients of FSW,Positive,3
490,HTS_TST,qQrDL8Er7oK,202408,EpiC,MSM,Negative,8
511,HTS_TST,RSiPoGp9Z5I,202409,EpiC,Clients of FSW,Negative,7
512,HTS_TST,BXbb6kp6KGR,202408,EpiC,Clients of FSW,Negative,22
528,HTS_TST,MclhZclEmu5,202408,EpiC,Clients of FSW,Negative,2
534,HTS_TST,HtwcvP6RAqG,202408,EpiC,Clients of FSW,Negative,76
538,HTS_TST,loQLh3eP3r0,202409,EpiC,MSM,Positive,1
547,HTS_TST,r7R9rELgrDG,202408,EpiC,MSM,Negative,1
556,HTS_TST,j11YIYclHSV,202407,EpiC,Clients of FSW,Negative,191
558,HTS_TST,vETG8GvNbrz,202407,EpiC,Clients of FSW,Positive,2
585,HTS_TST,DnUC1aNOR9F,202407,EpiC,MSM,Positive,1
597,HTS_TST,GDZ5VXv4dy0,202407,EpiC,MSM,Positive,1
602,HTS_TST,vU3IaxArykM,202409,EpiC,MSM,Positive,1
603,HTS_TST,AbDgvaSIj7p,202408,EpiC,MSM,Positive,14
612,HTS_TST,U1ux1V3DH3b,202408,EpiC,MSM,Positive,2
616,HTS_TST,TPfWcv4pV8X,202409,EpiC,MSM,Positive,3
617,HTS_TST,pl0vG8YHEQY,202408,EpiC,MSM,Negative,1
619,HTS_TST,o0w0jB0b9R5,202408,EpiC,Clients of FSW,Positive,2
625,HTS_TST,IIY8CqrT9lc,202408,EpiC,MSM,Negative,6
629,HTS_TST,wQyWuQHzTnJ,202407,EpiC,MSM,Negative,8
638,HTS_TST,ZavKaNa2vwE,202409,EpiC,MSM,Positive,23
644,HTS_TST,qWXHKrtFCqS,202409,EpiC,MSM,Negative,21
666,HTS_TST,jKDv5Ns0taU,202408,EpiC,Clients of FSW,Negative,4
678,HTS_TST,HIrrlCfNOnY,202408,EpiC,Clients of FSW,Negative,14
703,HTS_TST,sLSIW3BtH28,202408,EpiC,Clients of FSW,Negative,17
710,HTS_TST,FfqVaeWeO2n,202408,EpiC,MSM,Positive,7
715,HTS_TST,A7B75IWcZkT,202408,EpiC,Clients of FSW,Negative,1
724,HTS_TST,Prk5Eiysfk7,202408,EpiC,MSM,Negative,204
731,HTS_TST,pLhsCOzdQvn,202408,EpiC,Clients of FSW,Negative,90
767,HTS_TST,umuCczPKTS9,202409,EpiC,MSM,Positive,28
788,HTS_TST,faIFaR8VI1W,202408,EpiC,MSM,Positive,3
799,HTS_TST,wekFgCAgQu0,202409,EpiC,Clients of FSW,Positive,2
801,HTS_TST,d4dgy6tPwxi,202409,EpiC,Clients of FSW,Positive,2
808,HTS_TST,wyVJfsO5p5c,202408,EpiC,MSM,Positive,18
813,HTS_TST,vtyr01HplhD,202407,EpiC,MSM,Positive,4
825,HTS_TST,wyVJfsO5p5c,202407,EpiC,MSM,Positive,14
852,HTS_TST,a0BhEOh02Hx,202408,EpiC,Clients of FSW,Positive,1
878,HTS_TST,z85PlZZz53q,202407,EpiC,MSM,Positive,3
879,HTS_TST,Cka70IwxMHO,202408,EpiC,Clients of FSW,Negative,2
894,HTS_TST,mKdRd2pKKoX,202407,EpiC,MSM,Negative,1
902,HTS_TST,lT64HUrbqRo,202409,EpiC,MSM,Negative,217
928,HTS_TST,xKEaZMNqQoc,202407,EpiC,MSM,Positive,7
930,HTS_TST,XegXc2FQRuJ,202409,EpiC,Clients of FSW,Positive,1
937,HTS_TST,EqZgB9ThKzR,202409,EpiC,MSM,Positive,1
950,HTS_TST,aoF6Aq6iclZ,202408,EpiC,MSM,Negative,12
955,HTS_TST,LO4hwe7lmQe,202407,EpiC,MSM,Negative,52
960,HTS_TST,EAP4ZQHKcdc,202408,EpiC,MSM,Positive,5
974,HTS_TST,Cka70IwxMHO,202407,EpiC,Clients of FSW,Negative,1
979,HTS_TST,FfqVaeWeO2n,202407,EpiC,MSM,Positive,9
998,HTS_TST,a0BhEOh02Hx,202407,EpiC,Clients of FSW,Positive,4
1005,HTS_TST,umuCczPKTS9,202407,EpiC,MSM,Positive,5
1028,HTS_TST,WeWsNrrZQf0,202407,EpiC,MSM,Negative,1078
1030,HTS_TST,IIY8CqrT9lc,202407,EpiC,MSM,Negative,8
1037,HTS_TST,sS7Kt9UU9ix,202409,EpiC,Clients of FSW,Negative,3
1051,HTS_TST,YqploRxxTD8,202408,EpiC,Clients of FSW,Negative,10
1056,HTS_TST,YqploRxxTD8,202409,EpiC,Clients of FSW,Negative,2
1063,HTS_TST,m8X9jmCtcFn,202407,EpiC,MSM,Positive,7
1071,HTS_TST,aoF6Aq6iclZ,202407,EpiC,MSM,Negative,5
1085,HTS_TST,hDFxomWTE3I,202407,EpiC,MSM,Negative,17
1103,HTS_TST,d9Qg9Hl3coc,202407,EpiC,Clients of FSW,Negative,9
1104,HTS_TST,OWEeDc8HMQX,202407,EpiC,Clients of FSW,Negative,14
1109,HTS_TST,MclhZclEmu5,202407,EpiC,Clients of FSW,Negative,2
1112,HTS_TST,x83sWTX9UtF,202407,EpiC,MSM,Negative,1
1118,HTS_TST,d9Qg9Hl3coc,202408,EpiC,Clients of FSW,Negative,9
1125,HTS_TST,hR4tFfQGmNv,202407,EpiC,Clients of FSW,Negative,16
1130,HTS_TST,OWEeDc8HMQX,202408,EpiC,Clients of FSW,Negative,16
1131,HTS_TST,xKEaZMNqQoc,202408,EpiC,MSM,Positive,3
1155,HTS_TST,Qbt2uFIBrvh,202409,EpiC,MSM,Negative,4
1166,HTS_TST,hDFxomWTE3I,202408,EpiC,MSM,Negative,5
1169,HTS_TST,RaBuEijpO0j,202409,EpiC,Clients of FSW,Negative,25
1175,HTS_TST,z85PlZZz53q,202408,EpiC,MSM,Positive,2
1177,HTS_TST,mKdRd2pKKoX,202408,EpiC,MSM,Negative,2
1191,HTS_TST,ETLSIqCIwnG,202409,EpiC,Clients of FSW,Positive,1
1199,HTS_TST,EQIC0Os1S4C,202409,EpiC,MSM,Positive,1
1218,HTS_TST,BbjBOD2Sjg8,202407,EpiC,MSM,Negative,6
1229,HTS_TST,OhP24h8OrEo,202408,EpiC,Clients of FSW,Positive,1
1246,HTS_TST,xXVei1LIPWR,202407,EpiC,Clients of FSW,Positive,3
1255,HTS_TST,GJqcRQ5j7pi,202409,EpiC,MSM,Positive,2
1262,HTS_TST,HB7KhstRjlR,202408,EpiC,MSM,Positive,1
1282,HTS_TST,j11YIYclHSV,202408,EpiC,Clients of FSW,Negative,144
1307,HTS_TST,DnpGcVc2rFv,202407,EpiC,MSM,Positive,6
1319,HTS_TST,Jzmk4BU48a0,202409,EpiC,MSM,Positive,1
1322,HTS_TST,cJWGNEMM0QP,202408,EpiC,Clients of FSW,Negative,28
1333,HTS_TST,EaClOgCBByt,202409,EpiC,Clients of FSW,Positive,5
1347,HTS_TST,HtwcvP6RAqG,202407,EpiC,Clients of FSW,Negative,65
1356,HTS_TST,ruMRZxUJuQB,202409,EpiC,MSM,Positive,9
1359,HTS_TST,r7R9rELgrDG,202409,EpiC,MSM,Negative,9
1363,HTS_TST,qQrDL8Er7oK,202407,EpiC,MSM,Negative,25
1369,HTS_TST,HIrrlCfNOnY,202409,EpiC,Clients of FSW,Negative,2
1371,HTS_TST,H6JX5M2JufP,202407,EpiC,Clients of FSW,Positive,2
1382,HTS_TST,m8X9jmCtcFn,202408,EpiC,MSM,Positive,3
1392,HTS_TST,BXbb6kp6KGR,202407,EpiC,Clients of FSW,Negative,18
1407,HTS_TST,LUkORrTc7S5,202409,EpiC,MSM,Negative,178
1418,HTS_TST,F8tQsZ4mT5r,202408,EpiC,Clients of FSW,Negative,11
1419,HTS_TST,wkSDrxi0Eg1,202407,EpiC,Clients of FSW,Negative,1
1427,HTS_TST,CpVdOS3XNPi,202408,EpiC,Clients of FSW,Negative,19
1430,HTS_TST,AXkXOLqy9bU,202407,EpiC,MSM,Positive,36
1431,HTS_TST,U1ux1V3DH3b,202409,EpiC,MSM,Positive,5
1435,HTS_TST,sgl0bQRswOk,202407,EpiC,MSM,Negative,2
1441,HTS_TST,qWXHKrtFCqS,202408,EpiC,MSM,Negative,1
1458,HTS_TST,EAP4ZQHKcdc,202407,EpiC,MSM,Positive,9
1460,HTS_TST,lkwu9VuiXaP,202407,EpiC,MSM,Positive,21
1464,HTS_TST,DXiqxkvxkKa,202409,EpiC,Clients of FSW,Positive,1
1477,HTS_TST,VdBxCdUVexn,202409,EpiC,MSM,Positive,200
1484,HTS_TST,umuCczPKTS9,202408,EpiC,MSM,Positive,7
1486,HTS_TST,d4dgy6tPwxi,202408,EpiC,Clients of FSW,Positive,1
1488,HTS_TST,faIFaR8VI1W,202407,EpiC,MSM,Positive,11
1491,HTS_TST,LR5UaWYRYXB,202407,EpiC,MSM,Positive,13
1494,HTS_TST,uMVr3jx5oSa,202408,EpiC,Clients of FSW,Positive,4
1502,HTS_TST,pl0vG8YHEQY,202409,EpiC,MSM,Negative,6
1521,HTS_TST,l7ORqOxnoxp,202407,EpiC,Clients of FSW,Positive,3
1525,HTS_TST,SxnUefxZTCY,202409,EpiC,Clients of FSW,Negative,3
1526,HTS_TST,PyaDN9gPQAd,202409,EpiC,Clients of FSW,Negative,49
1529,HTS_TST,Prk5Eiysfk7,202409,EpiC,MSM,Negative,8617
1539,HTS_TST,QC1RnSsA73e,202408,EpiC,MSM,Positive,1
1545,HTS_TST,KrPh1XtYpSg,202407,EpiC,MSM,Positive,1
1551,HTS_TST,uJosnVDDY5S,202408,EpiC,Clients of FSW,Positive,1
1552,HTS_TST,u4TxUrvTJ4s,202408,EpiC,MSM,Negative,1074
1586,HTS_TST,pLhsCOzdQvn,202407,EpiC,Clients of FSW,Negative,109
1590,HTS_TST,jKDv5Ns0taU,202407,EpiC,Clients of FSW,Negative,6
1591,HTS_TST,wQ27lnCoNSc,202407,EpiC,MSM,Negative,3
1592,HTS_TST,Px3InhE0Bhv,202409,EpiC,MSM,Positive,20
1596,HTS_TST,sLSIW3BtH28,202409,EpiC,Clients of FSW,Negative,19
1617,HTS_TST,CDpnMSTCzxf,202408,EpiC,MSM,Negative,33
1620,HTS_TST,Nn2Hi8vwpPR,202409,EpiC,MSM,Negative,27
1621,HTS_TST,efmtcRjVekS,202407,EpiC,Clients of FSW,Negative,6
1658,HTS_TST,UCZtyHL8dEu,202408,EpiC,Clients of FSW,Negative,1
1660,HTS_TST,DZchkTHrJnP,202408,EpiC,Clients of FSW,Negative,10
1712,HTS_TST,aeZmo1nuHND,202408,EpiC,MSM,Positive,5
1715,HTS_TST,FOaA4kdJfMm,202408,EpiC,MSM,Negative,127
1735,HTS_TST,m1ZlpEPcFDy,202408,EpiC,MSM,Negative,34
1741,HTS_TST,JZC5NyBYrun,202409,EpiC,Clients of FSW,Positive,10
1750,HTS_TST,SxnUefxZTCY,202407,EpiC,Clients of FSW,Negative,5
1760,HTS_TST,FOaA4kdJfMm,202407,EpiC,MSM,Negative,107
1764,HTS_TST,zpQYaszlfH3,202407,EpiC,MSM,Negative,109
1771,HTS_TST,QhD1Yme08VQ,202407,EpiC,MSM,Positive,3
1812,HTS_TST,zSYjWYbjIIb,202407,EpiC,Clients of FSW,Negative,2
1817,HTS_TST,QmoswycNdCR,202407,EpiC,MSM,Negative,9
1828,HTS_TST,ar40QzNvRqY,202409,EpiC,Clients of FSW,Positive,2
1836,HTS_TST,PSp2Tye9TUR,202409,EpiC,MSM,Negative,5987
1839,HTS_TST,r6lCtITmTV5,202409,EpiC,Clients of FSW,Positive,5
1841,HTS_TST,ouaHRoVbWPs,202409,EpiC,Clients of FSW,Positive,3
1844,HTS_TST,eOr0wUnd5qn,202407,EpiC,MSM,Negative,70
1848,HTS_TST,lkwu9VuiXaP,202409,EpiC,MSM,Positive,12
1850,HTS_TST,QmoswycNdCR,202409,EpiC,MSM,Negative,76
1861,HTS_TST,x6mu9k9otwP,202408,EpiC,MSM,Positive,6
1878,HTS_TST,bhyNf6Uxwci,202408,EpiC,MSM,Negative,15
1895,HTS_TST,r8YRRyumLLd,202407,EpiC,MSM,Positive,10
1902,HTS_TST,zTGh5xvRTll,202408,EpiC,MSM,Negative,35
1903,HTS_TST,IjoZ8ulkWxl,202407,EpiC,MSM,Negative,57
1905,HTS_TST,P0kE3O20UgM,202409,EpiC,Clients of FSW,Negative,41
1907,HTS_TST,DONsmtG41dC,202407,EpiC,MSM,Negative,21
1921,HTS_TST,r8YRRyumLLd,202409,EpiC,MSM,Positive,27
1925,HTS_TST,ahVkBEkFn7E,202407,EpiC,MSM,Negative,32
1927,HTS_TST,P0kE3O20UgM,202408,EpiC,Clients of FSW,Negative,83
1939,HTS_TST,zJbIKbb9nHz,202407,EpiC,MSM,Positive,2
1952,HTS_TST,ebg4jkC3bpU,202408,EpiC,MSM,Positive,4
1961,HTS_TST,wtgZ6KUE4Co,202407,EpiC,Clients of FSW,Negative,8
1962,HTS_TST,DONsmtG41dC,202408,EpiC,MSM,Negative,8
1965,HTS_TST,ar40QzNvRqY,202407,EpiC,Clients of FSW,Positive,3
1994,HTS_TST,r6lCtITmTV5,202407,EpiC,Clients of FSW,Positive,6
2002,HTS_TST,PSp2Tye9TUR,202408,EpiC,MSM,Negative,194
2003,HTS_TST,eOr0wUnd5qn,202409,EpiC,MSM,Negative,74
2023,HTS_TST,oTT0117kKJc,202407,EpiC,Clients of FSW,Negative,4
2050,HTS_TST,d87i4ajo5v4,202409,EpiC,MSM,Positive,33
2059,HTS_TST,ojQAHMA0L4k,202407,EpiC,Clients of FSW,Positive,11
2063,HTS_TST,HB7KhstRjlR,202409,EpiC,MSM,Positive,3
2064,HTS_TST,oTT0117kKJc,202409,EpiC,Clients of FSW,Negative,7
2079,HTS_TST,GWk06LAwUXH,202409,EpiC,MSM,Positive,5
2096,HTS_TST,ojQAHMA0L4k,202409,EpiC,Clients of FSW,Positive,3
2102,HTS_TST,DnpGcVc2rFv,202408,EpiC,MSM,Positive,5
2113,HTS_TST,twdCpm7pX27,202408,EpiC,MSM,Negative,24
2123,HTS_TST,GWk06LAwUXH,202407,EpiC,MSM,Positive,8
2131,HTS_TST,wtgZ6KUE4Co,202409,EpiC,Clients of FSW,Negative,2
2136,HTS_TST,KDdRSVdeFGW,202409,EpiC,MSM,Negative,37
2158,HTS_TST,DXiqxkvxkKa,202408,EpiC,Clients of FSW,Positive,2
2159,HTS_TST,zkLSB8mkPVk,202409,EpiC,MSM,Negative,49
2168,HTS_TST,EaClOgCBByt,202408,EpiC,Clients of FSW,Positive,10
2170,HTS_TST,CpVdOS3XNPi,202409,EpiC,Clients of FSW,Negative,21
2178,HTS_TST,F8tQsZ4mT5r,202407,EpiC,Clients of FSW,Negative,8
2187,HTS_TST,QsZ9J0NDpFh,202409,EpiC,MSM,Negative,538
2242,HTS_TST,muzUwvzzAY0,202407,EpiC,Clients of FSW,Positive,3
2253,HTS_TST,hy1XOFb62oh,202408,EpiC,Clients of FSW,Positive,1
2266,HTS_TST,eOMdBlEkmQx,202408,EpiC,MSM,Negative,172
2267,HTS_TST,QC1RnSsA73e,202407,EpiC,MSM,Positive,2
2283,HTS_TST,ouaHRoVbWPs,202407,EpiC,Clients of FSW,Positive,4
2285,HTS_TST,PyaDN9gPQAd,202408,EpiC,Clients of FSW,Negative,50
2298,HTS_TST,K7AP9nhPcQz,202407,EpiC,MSM,Negative,231
2304,HTS_TST,cJWGNEMM0QP,202407,EpiC,Clients of FSW,Negative,27
2308,HTS_TST,KDdRSVdeFGW,202407,EpiC,MSM,Negative,5
2313,HTS_TST,UAZdpeiS89D,202407,EpiC,Clients of FSW,Negative,17
2318,HTS_TST,l7ORqOxnoxp,202408,EpiC,Clients of FSW,Positive,1
2319,HTS_TST,hxzL5fSLwug,202408,EpiC,Clients of FSW,Positive,2
2320,HTS_TST,u4TxUrvTJ4s,202409,EpiC,MSM,Negative,864
2326,HTS_TST,x5FB6zkUOHy,202407,EpiC,MSM,Positive,2
2337,HTS_TST,d87i4ajo5v4,202407,EpiC,MSM,Positive,1
2353,HTS_TST,uMVr3jx5oSa,202409,EpiC,Clients of FSW,Positive,4
2354,HTS_TST,LR5UaWYRYXB,202408,EpiC,MSM,Positive,10
2383,HTS_TST,i2GFb4CpM4s,202407,EpiC,MSM,Negative,1
2389,HTS_TST,wQ27lnCoNSc,202409,EpiC,MSM,Negative,14
2401,HTS_TST,Yts7x3PtBUT,202407,EpiC,Clients of FSW,Negative,3
2417,HTS_TST,vtyr01HplhD,202409,EpiC,MSM,Positive,21
2430,HTS_TST,XnuiyF6aKCk,202407,EpiC,Clients of FSW,Negative,1
2434,HTS_TST,z85PlZZz53q,202409,EpiC,MSM,Positive,12
2455,HTS_TST,FqyArILjwT0,202408,EpiC,Clients of FSW,Positive,1
2463,HTS_TST,ZXbtrEufGI1,202407,EpiC,MSM,Negative,15
2467,HTS_TST,x5FB6zkUOHy,202409,EpiC,MSM,Positive,2
2487,HTS_TST,pLhsCOzdQvn,202409,EpiC,Clients of FSW,Negative,17
2499,HTS_TST,DT3LpZWXFlR,202407,EpiC,Clients of FSW,Positive,5
2511,HTS_TST,X10xKqb53k4,202409,EpiC,Clients of FSW,Negative,40
2518,HTS_TST,JPWj8UAKPm3,202409,EpiC,MSM,Negative,58
2521,HTS_TST,EQIC0Os1S4C,202407,EpiC,MSM,Positive,1
2523,HTS_TST,uV2zaUCU4Vl,202408,EpiC,Clients of FSW,Negative,4
2540,HTS_TST,i2GFb4CpM4s,202409,EpiC,MSM,Negative,1
2546,HTS_TST,f5LmkBnmJ3O,202408,EpiC,Clients of FSW,Negative,20
2548,HTS_TST,AXkXOLqy9bU,202409,EpiC,MSM,Positive,31
2549,HTS_TST,VXkRK2NOAZE,202407,EpiC,Clients of FSW,Positive,5
2578,HTS_TST,DnUC1aNOR9F,202408,EpiC,MSM,Positive,1
2602,HTS_TST,YqploRxxTD8,202407,EpiC,Clients of FSW,Negative,14
2610,HTS_TST,WeWsNrrZQf0,202408,EpiC,MSM,Negative,1034
2640,HTS_TST,d9Qg9Hl3coc,202409,EpiC,Clients of FSW,Negative,3
2645,HTS_TST,kba2UR76bx5,202409,EpiC,MSM,Negative,38
2651,HTS_TST,hDFxomWTE3I,202409,EpiC,MSM,Negative,30
2652,HTS_TST,hR4tFfQGmNv,202409,EpiC,Clients of FSW,Negative,1
2653,HTS_TST,sS7Kt9UU9ix,202407,EpiC,Clients of FSW,Negative,3
2662,HTS_TST,ETLSIqCIwnG,202408,EpiC,Clients of FSW,Positive,1
2667,HTS_TST,OSE9uU5wh5t,202408,EpiC,MSM,Positive,31
2699,HTS_TST,bBS5OHjGyVG,202408,EpiC,MSM,Negative,206
2706,HTS_TST,lT64HUrbqRo,202408,EpiC,MSM,Negative,12
2739,HTS_TST,LO4hwe7lmQe,202409,EpiC,MSM,Negative,510
2752,HTS_TST,Cka70IwxMHO,202409,EpiC,Clients of FSW,Negative,1
2757,HTS_TST,sREz9xEX21J,202409,EpiC,Clients of FSW,Negative,55
2767,HTS_TST,m8gPW8VTzDG,202407,EpiC,Clients of FSW,Positive,3
2768,HTS_TST,OKfZCgwuQkU,202409,EpiC,MSM,Positive,593
2771,HTS_TST,RSiPoGp9Z5I,202407,EpiC,Clients of FSW,Negative,6
2782,HTS_TST,TurcXCSre3p,202408,EpiC,Clients of FSW,Negative,89
2788,HTS_TST,vSpGm6hhUCF,202407,EpiC,MSM,Negative,43
2791,HTS_TST,qQrDL8Er7oK,202409,EpiC,MSM,Negative,4
2797,HTS_TST,P3RDL1BJi8E,202408,EpiC,Clients of FSW,Positive,10
2800,HTS_TST,ZOyrr3AsYgA,202409,EpiC,MSM,Negative,572
2867,HTS_TST,Prk5Eiysfk7,202407,EpiC,MSM,Negative,209
2868,HTS_TST,g3g1dX587aS,202407,EpiC,Clients of FSW,Positive,12
2907,HTS_TST,xXVei1LIPWR,202409,EpiC,Clients of FSW,Positive,1
2925,HTS_TST,KuJYwy7YrvA,202407,EpiC,Clients of FSW,Positive,3
2926,HTS_TST,SonJXg1GywM,202408,EpiC,MSM,Negative,8
2930,HTS_TST,fj9TvXAtL6D,202407,EpiC,MSM,Negative,23
2940,HTS_TST,HSO6su7eyv8,202409,EpiC,Clients of FSW,Negative,2
2949,HTS_TST,IhkUe42INcI,202407,EpiC,MSM,Positive,49
2950,HTS_TST,FJ3CpG1BjMl,202408,EpiC,MSM,Positive,9
2960,HTS_TST,MtijxAhkdhp,202408,EpiC,Clients of FSW,Negative,19
2963,HTS_TST,p0unBXtGbM9,202407,EpiC,Clients of FSW,Negative,4
2964,HTS_TST,YDlLa2WxFi7,202407,EpiC,MSM,Negative,201
2968,HTS_TST,sLSIW3BtH28,202407,EpiC,Clients of FSW,Negative,19
2993,HTS_TST,AbDgvaSIj7p,202407,EpiC,MSM,Positive,13
3005,HTS_TST,qBqKMUCDz0Q,202408,EpiC,MSM,Positive,1
3007,HTS_TST,sgl0bQRswOk,202409,EpiC,MSM,Negative,3
3019,HTS_TST,eWMsQvNdGjr,202408,EpiC,MSM,Positive,3
3034,HTS_TST,Q1xMNwbd67e,202408,EpiC,Clients of FSW,Negative,6
3038,HTS_TST,vETG8GvNbrz,202408,EpiC,Clients of FSW,Positive,1
3041,HTS_TST,RrkevgYjrxa,202409,EpiC,MSM,Negative,252
3045,HTS_TST,uUL6zyihKd4,202408,EpiC,MSM,Positive,9
3063,HTS_TST,AeBsDvbaq1M,202409,EpiC,Clients of FSW,Negative,1
3067,HTS_TST,BXbb6kp6KGR,202409,EpiC,Clients of FSW,Negative,6
3073,HTS_TST,nJmRmdNY1Zg,202408,EpiC,Clients of FSW,Positive,1
3084,HTS_TST,HIrrlCfNOnY,202407,EpiC,Clients of FSW,Negative,1
3097,HTS_TST,PdSJwtE7mI1,202409,EpiC,MSM,Negative,34
3099,HTS_TST,oIXwYzSArGi,202408,EpiC,MSM,Negative,3
3113,HTS_TST,yZEmtIOKJky,202408,EpiC,Clients of FSW,Positive,1
3114,HTS_TST,XdmI0gx0HVG,202407,EpiC,MSM,Positive,1
3123,HTS_TST,zpQYaszlfH3,202409,EpiC,MSM,Negative,1729
3124,HTS_TST,PIKIChNVIRY,202409,EpiC,MSM,Negative,3332
3130,HTS_TST,FfqVaeWeO2n,202409,EpiC,MSM,Positive,9
3134,HTS_TST,gx0wuIIXWIh,202409,EpiC,MSM,Positive,7
3135,HTS_TST,Zl3Bk7hGE4C,202409,EpiC,MSM,Positive,1
3146,HTS_TST,RNfqGzx7O8d,202408,EpiC,MSM,Positive,3
3147,HTS_TST,efmtcRjVekS,202409,EpiC,Clients of FSW,Negative,6
3148,HTS_TST,Ga5lxqFVaPN,202407,EpiC,MSM,Positive,1
3150,HTS_TST,UFT42qTGPHW,202408,EpiC,Clients of FSW,Negative,4
3157,HTS_TST,NAfD9mU15l5,202408,EpiC,Clients of FSW,Negative,111
3159,HTS_TST,c7EE13c6cp7,202409,EpiC,Clients of FSW,Positive,1
3172,HTS_TST,NAfD9mU15l5,202409,EpiC,Clients of FSW,Negative,40
3179,HTS_TST,c7EE13c6cp7,202408,EpiC,Clients of FSW,Positive,4
3180,HTS_TST,obviluajFGG,202408,EpiC,Clients of FSW,Negative,54
3185,HTS_TST,wXk7406ynIV,202409,EpiC,MSM,Positive,4
3194,HTS_TST,GJbkRym6B9B,202409,EpiC,MSM,Negative,85
3196,HTS_TST,obviluajFGG,202407,EpiC,Clients of FSW,Negative,63
3199,HTS_TST,c7EE13c6cp7,202407,EpiC,Clients of FSW,Positive,2
3201,HTS_TST,mymUrbtS3c2,202409,EpiC,MSM,Negative,6
3206,HTS_TST,M9Co3BQ7dlm,202407,EpiC,Clients of FSW,Positive,2
3222,HTS_TST,FFknwnCtIq1,202407,EpiC,Clients of FSW,Positive,5
3229,HTS_TST,FFknwnCtIq1,202409,EpiC,Clients of FSW,Positive,5
3232,HTS_TST,GJbkRym6B9B,202407,EpiC,MSM,Negative,8
3244,HTS_TST,sGxc8cM27Fn,202409,EpiC,MSM,Negative,1837
3252,HTS_TST,KpNT1cyRF1c,202407,EpiC,Clients of FSW,Negative,22
3253,HTS_TST,FicEBM0EKtf,202409,EpiC,Clients of FSW,Positive,2
3270,HTS_TST,M9Co3BQ7dlm,202409,EpiC,Clients of FSW,Positive,1
3272,HTS_TST,K94OCF3LTZh,202408,EpiC,Clients of FSW,Negative,33
3273,HTS_TST,sGxc8cM27Fn,202407,EpiC,MSM,Negative,49
3276,HTS_TST,jsw5Kzd9Cgq,202408,EpiC,Clients of FSW,Positive,1
3280,HTS_TST,wm0DsVNv2O0,202407,EpiC,Clients of FSW,Negative,8
3287,HTS_TST,XlsI4SyZvz4,202407,EpiC,MSM,Positive,3
3295,HTS_TST,jsw5Kzd9Cgq,202407,EpiC,Clients of FSW,Positive,2
3298,HTS_TST,fXl53kju5sc,202407,EpiC,Clients of FSW,Positive,1
3299,HTS_TST,KpNT1cyRF1c,202408,EpiC,Clients of FSW,Negative,24
3318,HTS_TST,GJbkRym6B9B,202408,EpiC,MSM,Negative,8
3327,HTS_TST,obviluajFGG,202409,EpiC,Clients of FSW,Negative,14
3330,HTS_TST,iNM3fY9vWFe,202408,EpiC,Clients of FSW,Positive,1
3331,HTS_TST,wm0DsVNv2O0,202408,EpiC,Clients of FSW,Negative,3
3341,HTS_TST,zIVAoVIJs7m,202407,EpiC,MSM,Positive,1
3350,HTS_TST,M9Co3BQ7dlm,202408,EpiC,Clients of FSW,Positive,1
3352,HTS_TST,K94OCF3LTZh,202409,EpiC,Clients of FSW,Negative,10
3355,HTS_TST,sGxc8cM27Fn,202408,EpiC,MSM,Negative,33
3360,HTS_TST,TrF7ypCVvDF,202408,EpiC,Clients of FSW,Positive,1
3365,HTS_TST,FFknwnCtIq1,202408,EpiC,Clients of FSW,Positive,8
3397,HTS_TST,qprLkZVKErW,202407,EpiC,Clients of FSW,Positive,2
3399,HTS_TST,iNM3fY9vWFe,202409,EpiC,Clients of FSW,Positive,2
3403,HTS_TST,AiRAjfj4oc2,202408,EpiC,MSM,Negative,160
3418,HTS_TST,wm0DsVNv2O0,202409,EpiC,Clients of FSW,Negative,1
3420,HTS_TST,MiT96Ao4MbR,202409,EpiC,MSM,Negative,1335
3426,HTS_TST,IF0b2yl7GVV,202409,EpiC,MSM,Negative,9
3432,HTS_TST,AiRAjfj4oc2,202409,EpiC,MSM,Negative,1718
3452,HTS_TST,MiT96Ao4MbR,202407,EpiC,MSM,Negative,85
3468,HTS_TST,K94OCF3LTZh,202407,EpiC,Clients of FSW,Negative,44
3476,HTS_TST,prsou4ujheC,202408,EpiC,Clients of FSW,Positive,1
3500,HTS_TST,IF0b2yl7GVV,202407,EpiC,MSM,Negative,16
3504,HTS_TST,fXl53kju5sc,202408,EpiC,Clients of FSW,Positive,3
3507,HTS_TST,KpNT1cyRF1c,202409,EpiC,Clients of FSW,Negative,3
3510,HTS_TST,XlsI4SyZvz4,202408,EpiC,MSM,Positive,2
3515,HTS_TST,IF0b2yl7GVV,202408,EpiC,MSM,Negative,15
3522,HTS_TST,fXl53kju5sc,202409,EpiC,Clients of FSW,Positive,1
3531,HTS_TST,zIVAoVIJs7m,202409,EpiC,MSM,Positive,1
3539,HTS_TST,MiT96Ao4MbR,202408,EpiC,MSM,Negative,73
3560,HTS_TST,NAfD9mU15l5,202407,EpiC,Clients of FSW,Negative,75
3572,HTS_TST,vSpGm6hhUCF,202408,EpiC,MSM,Negative,44
3577,HTS_TST,ZRjPZ2QUU43,202407,EpiC,MSM,Positive,2
3584,HTS_TST,OARt3A9WQLs,202409,EpiC,MSM,Positive,1
3589,HTS_TST,gnAauwsdx1V,202407,EpiC,Clients of FSW,Positive,1
3592,HTS_TST,JZSFwJEoS3T,202408,EpiC,MSM,Positive,10
3601,HTS_TST,G40PtbYeGaX,202407,EpiC,MSM,Negative,8
3611,HTS_TST,sREz9xEX21J,202408,EpiC,Clients of FSW,Negative,56
3635,HTS_TST,sUkJbjTIucV,202408,EpiC,MSM,Negative,137
3641,HTS_TST,fj9TvXAtL6D,202408,EpiC,MSM,Negative,13
3646,HTS_TST,InpJ0UYGMSO,202409,EpiC,MSM,Negative,4344
3647,HTS_TST,YRxsnbj9pHG,202409,EpiC,MSM,Negative,10
3648,HTS_TST,SonJXg1GywM,202409,EpiC,MSM,Negative,5
3652,HTS_TST,OARt3A9WQLs,202407,EpiC,MSM,Positive,5
3672,HTS_TST,F9Gh8DKFj3H,202409,EpiC,MSM,Negative,2
3680,HTS_TST,SonJXg1GywM,202407,EpiC,MSM,Negative,3
3696,HTS_TST,g3g1dX587aS,202408,EpiC,Clients of FSW,Positive,4
3697,HTS_TST,XnufsHGUSIr,202409,EpiC,MSM,Positive,2
3698,HTS_TST,wb0HBy5LxsW,202408,EpiC,Clients of FSW,Positive,8
3705,HTS_TST,Bbo8xrI3TMH,202409,EpiC,MSM,Negative,2
3711,HTS_TST,ZOyrr3AsYgA,202408,EpiC,MSM,Negative,1
3722,HTS_TST,dcQG6h6PaWg,202408,EpiC,Clients of FSW,Positive,2
3724,HTS_TST,vhOZ95bTH6N,202409,EpiC,Clients of FSW,Negative,62
3732,HTS_TST,cQRFemBfrDi,202407,EpiC,Clients of FSW,Negative,2
3769,HTS_TST,G40PtbYeGaX,202409,EpiC,MSM,Negative,1781
3778,HTS_TST,mjUjLllZk6i,202408,EpiC,Clients of FSW,Positive,4
3804,HTS_TST,AiRAjfj4oc2,202407,EpiC,MSM,Negative,252
3817,HTS_TST,lzt5Pjdt9X5,202409,EpiC,Clients of FSW,Positive,1
3827,HTS_TST,PIKIChNVIRY,202408,EpiC,MSM,Negative,135
3829,HTS_TST,iNM3fY9vWFe,202407,EpiC,Clients of FSW,Positive,2
3835,HTS_TST,RFp38NjOA3y,202408,EpiC,MSM,Positive,2
3840,HTS_TST,puvCEABiRNM,202408,EpiC,Clients of FSW,Positive,2
3846,HTS_TST,kyZesr8ZEFW,202408,EpiC,Clients of FSW,Positive,2
3872,HTS_TST,X10xKqb53k4,202408,EpiC,Clients of FSW,Negative,42
3882,HTS_TST,Zl3Bk7hGE4C,202408,EpiC,MSM,Positive,1
3891,HTS_TST,RrkevgYjrxa,202408,EpiC,MSM,Negative,346
3896,HTS_TST,gx0wuIIXWIh,202408,EpiC,MSM,Positive,13
3905,HTS_TST,ii9Vcdw9zAG,202407,EpiC,Clients of FSW,Negative,1
3909,HTS_TST,yZEmtIOKJky,202409,EpiC,Clients of FSW,Positive,1
3911,HTS_TST,FicEBM0EKtf,202408,EpiC,Clients of FSW,Positive,2
3926,HTS_TST,uUL6zyihKd4,202409,EpiC,MSM,Positive,18
3953,HTS_TST,w7mPub5iKHm,202408,EpiC,Clients of FSW,Negative,1
3957,HTS_TST,XTy6TUzdj9c,202408,EpiC,MSM,Positive,4
3973,HTS_TST,vhOZ95bTH6N,202407,EpiC,Clients of FSW,Negative,192
3992,HTS_TST,LIsGRoPgB2J,202407,EpiC,MSM,Negative,2
3999,HTS_TST,XnuiyF6aKCk,202408,EpiC,Clients of FSW,Negative,1
4003,HTS_TST,NakBiglSCTu,202408,EpiC,Clients of FSW,Negative,26
4018,HTS_TST,U9s4xlQLKOu,202408,EpiC,MSM,Positive,3
4025,HTS_TST,f9IfQ5jWwKv,202408,EpiC,MSM,Positive,9
4034,HTS_TST,ZXbtrEufGI1,202409,EpiC,MSM,Negative,7
4041,HTS_TST,XnuiyF6aKCk,202409,EpiC,Clients of FSW,Negative,2
4068,HTS_TST,K7AP9nhPcQz,202409,EpiC,MSM,Negative,971
4077,HTS_TST,UAZdpeiS89D,202408,EpiC,Clients of FSW,Negative,19
4081,HTS_TST,gx0wuIIXWIh,202407,EpiC,MSM,Positive,12
4102,HTS_TST,JPWj8UAKPm3,202408,EpiC,MSM,Negative,1
4125,HTS_TST,Zl3Bk7hGE4C,202407,EpiC,MSM,Positive,2
4128,HTS_TST,ibtVaFPFCXo,202408,EpiC,MSM,Positive,4
4137,HTS_TST,Ecjr6B7YhXv,202409,EpiC,Clients of FSW,Positive,1
4140,HTS_TST,zm3GyzD4pm4,202408,EpiC,Clients of FSW,Negative,1
4142,HTS_TST,f9IfQ5jWwKv,202409,EpiC,MSM,Positive,1
4145,HTS_TST,U9s4xlQLKOu,202409,EpiC,MSM,Positive,8
4149,HTS_TST,LMS3sXVlBJS,202408,EpiC,MSM,Negative,43
4170,HTS_TST,UAZdpeiS89D,202409,EpiC,Clients of FSW,Negative,9
4180,HTS_TST,EWdfxniJwNF,202408,EpiC,MSM,Negative,48
4189,HTS_TST,Di7X3YYZQdK,202408,EpiC,Clients of FSW,Positive,1
4200,HTS_TST,XDYudGNzDUd,202409,EpiC,MSM,Positive,366
4207,HTS_TST,YDlLa2WxFi7,202409,EpiC,MSM,Negative,7750
4208,HTS_TST,H1VfEDidrjI,202407,EpiC,MSM,Negative,7
4215,HTS_TST,f5LmkBnmJ3O,202407,EpiC,Clients of FSW,Negative,18
4223,HTS_TST,XDYudGNzDUd,202408,EpiC,MSM,Positive,7
4224,HTS_TST,kba2UR76bx5,202407,EpiC,MSM,Negative,5
4232,HTS_TST,LMS3sXVlBJS,202409,EpiC,MSM,Negative,103
4238,HTS_TST,L8X8flF6ffj,202409,EpiC,MSM,Positive,20
4245,HTS_TST,lzt5Pjdt9X5,202407,EpiC,Clients of FSW,Positive,1
4292,HTS_TST,Hw4dcSiey3c,202408,EpiC,Clients of FSW,Positive,1
4305,HTS_TST,Bbo8xrI3TMH,202407,EpiC,MSM,Negative,1
4307,HTS_TST,twdCpm7pX27,202409,EpiC,MSM,Negative,245
4310,HTS_TST,bBS5OHjGyVG,202409,EpiC,MSM,Negative,462
4311,HTS_TST,g3g1dX587aS,202409,EpiC,Clients of FSW,Positive,5
4314,HTS_TST,GR4yPIeyYgn,202408,EpiC,MSM,Negative,31
4317,HTS_TST,ibtVaFPFCXo,202409,EpiC,MSM,Positive,91
4319,HTS_TST,uV2zaUCU4Vl,202407,EpiC,Clients of FSW,Negative,4
4343,HTS_TST,NakBiglSCTu,202407,EpiC,Clients of FSW,Negative,1
4345,HTS_TST,L8X8flF6ffj,202408,EpiC,MSM,Positive,1
4347,HTS_TST,InpJ0UYGMSO,202408,EpiC,MSM,Negative,295
4353,HTS_TST,DT3LpZWXFlR,202409,EpiC,Clients of FSW,Positive,1
4355,HTS_TST,LIsGRoPgB2J,202408,EpiC,MSM,Negative,6
4375,HTS_TST,JZSFwJEoS3T,202407,EpiC,MSM,Positive,5
4377,HTS_TST,HSO6su7eyv8,202407,EpiC,Clients of FSW,Negative,4
4382,HTS_TST,m8gPW8VTzDG,202409,EpiC,Clients of FSW,Positive,1
4388,HTS_TST,OKfZCgwuQkU,202407,EpiC,MSM,Positive,7
4396,HTS_TST,ZRjPZ2QUU43,202408,EpiC,MSM,Positive,2
4406,HTS_TST,InpJ0UYGMSO,202407,EpiC,MSM,Negative,307
4424,HTS_TST,hxzL5fSLwug,202407,EpiC,Clients of FSW,Positive,2
4441,HTS_TST,vhOZ95bTH6N,202408,EpiC,Clients of FSW,Negative,206
4442,HTS_TST,ZOyrr3AsYgA,202407,EpiC,MSM,Negative,3
4446,HTS_TST,vSpGm6hhUCF,202409,EpiC,MSM,Negative,76
4456,HTS_TST,XTy6TUzdj9c,202409,EpiC,MSM,Positive,127
4458,HTS_TST,zkLSB8mkPVk,202408,EpiC,MSM,Negative,23
4462,HTS_TST,reKRxJ3dpZ7,202407,EpiC,Clients of FSW,Negative,1
4464,HTS_TST,PdSJwtE7mI1,202407,EpiC,MSM,Negative,46
4475,HTS_TST,GR4yPIeyYgn,202409,EpiC,MSM,Negative,55
4477,HTS_TST,wb0HBy5LxsW,202409,EpiC,Clients of FSW,Positive,6
4503,HTS_TST,sUkJbjTIucV,202409,EpiC,MSM,Negative,2039
4511,HTS_TST,RFp38NjOA3y,202409,EpiC,MSM,Positive,7
4526,HTS_TST,uGG91cur10b,202409,EpiC,MSM,Positive,3
4527,HTS_TST,sREz9xEX21J,202407,EpiC,Clients of FSW,Negative,60
4570,HTS_TST,G1benkCcdil,202408,EpiC,Clients of FSW,Negative,1
4584,HTS_TST,IhkUe42INcI,202409,EpiC,MSM,Positive,27
4589,HTS_TST,EWdfxniJwNF,202407,EpiC,MSM,Negative,46
4601,HTS_TST,H1VfEDidrjI,202408,EpiC,MSM,Negative,9
4604,HTS_TST,PIKIChNVIRY,202407,EpiC,MSM,Negative,149
4634,HTS_TST,BBdtZjHDR2G,202409,EpiC,MSM,Negative,5
4647,HTS_TST,QsZ9J0NDpFh,202408,EpiC,MSM,Negative,755
4655,HTS_TST,qprLkZVKErW,202409,EpiC,Clients of FSW,Positive,1
4665,HTS_TST,JPWj8UAKPm3,202407,EpiC,MSM,Negative,4
4678,HTS_TST,QhD1Yme08VQ,202409,EpiC,MSM,Positive,14
4680,HTS_TST,xeqlWEue64U,202407,EpiC,Clients of FSW,Negative,4
4684,HTS_TST,RrkevgYjrxa,202407,EpiC,MSM,Negative,475
4687,HTS_TST,fj9TvXAtL6D,202409,EpiC,MSM,Negative,2667
4688,HTS_TST,X10xKqb53k4,202407,EpiC,Clients of FSW,Negative,27
4712,HTS_TST,rLhHb8ThUNr,202408,EpiC,Clients of FSW,Positive,1
4722,HTS_TST,K7AP9nhPcQz,202408,EpiC,MSM,Negative,200
4724,HTS_TST,OARt3A9WQLs,202408,EpiC,MSM,Positive,3
4727,HTS_TST,kyZesr8ZEFW,202409,EpiC,Clients of FSW,Positive,2
4732,HTS_TST,mjUjLllZk6i,202409,EpiC,Clients of FSW,Positive,2
4741,HTS_TST,CDpnMSTCzxf,202407,EpiC,MSM,Negative,33
4767,HTS_TST,CDpnMSTCzxf,202409,EpiC,MSM,Negative,2607
4790,HTS_TST,ebg4jkC3bpU,202409,EpiC,MSM,Positive,13
4792,HTS_TST,RNfqGzx7O8d,202409,EpiC,MSM,Positive,1
4812,HTS_TST,efmtcRjVekS,202408,EpiC,Clients of FSW,Negative,5
4815,HTS_TST,Nn2Hi8vwpPR,202408,EpiC,MSM,Negative,1
4838,HTS_TST,ahVkBEkFn7E,202408,EpiC,MSM,Negative,23
4844,HTS_TST,SxnUefxZTCY,202408,EpiC,Clients of FSW,Negative,1
4855,HTS_TST,zTGh5xvRTll,202407,EpiC,MSM,Negative,30
4857,HTS_TST,IjoZ8ulkWxl,202409,EpiC,MSM,Negative,757
4862,HTS_TST,oIXwYzSArGi,202409,EpiC,MSM,Negative,5
4869,HTS_TST,UCZtyHL8dEu,202409,EpiC,Clients of FSW,Negative,1
4877,HTS_TST,QhD1Yme08VQ,202408,EpiC,MSM,Positive,10
4887,HTS_TST,PyaDN9gPQAd,202407,EpiC,Clients of FSW,Negative,42
4888,HTS_TST,Nn2Hi8vwpPR,202407,EpiC,MSM,Negative,4
4891,HTS_TST,lkwu9VuiXaP,202408,EpiC,MSM,Positive,18
4896,HTS_TST,m1ZlpEPcFDy,202407,EpiC,MSM,Negative,43
4918,HTS_TST,oCsgWznK5tZ,202409,EpiC,MSM,Negative,9
4922,HTS_TST,aeZmo1nuHND,202407,EpiC,MSM,Positive,4
4923,HTS_TST,IjoZ8ulkWxl,202408,EpiC,MSM,Negative,37
4927,HTS_TST,BEj260ljrXI,202409,EpiC,Clients of FSW,Positive,1
4929,HTS_TST,eOMdBlEkmQx,202409,EpiC,MSM,Negative,151
4930,HTS_TST,DZchkTHrJnP,202409,EpiC,Clients of FSW,Negative,1
4939,HTS_TST,ahVkBEkFn7E,202409,EpiC,MSM,Negative,19
4951,HTS_TST,uHUfVux0gGZ,202409,EpiC,MSM,Positive,3
4956,HTS_TST,MtijxAhkdhp,202409,EpiC,Clients of FSW,Negative,5
4965,HTS_TST,eOr0wUnd5qn,202408,EpiC,MSM,Negative,70
4968,HTS_TST,sAbcfa6JnyT,202408,EpiC,Clients of FSW,Positive,1
4985,HTS_TST,x6mu9k9otwP,202407,EpiC,MSM,Positive,2
4992,HTS_TST,QmoswycNdCR,202408,EpiC,MSM,Negative,9
4993,HTS_TST,ar40QzNvRqY,202408,EpiC,Clients of FSW,Positive,3
4995,HTS_TST,XfesVxu7mPE,202407,EpiC,MSM,Positive,2
5026,HTS_TST,DONsmtG41dC,202409,EpiC,MSM,Negative,25
5034,HTS_TST,MbgXfJkjaM5,202409,EpiC,Clients of FSW,Positive,1
5039,HTS_TST,PSp2Tye9TUR,202407,EpiC,MSM,Negative,165
5043,HTS_TST,r6lCtITmTV5,202408,EpiC,Clients of FSW,Positive,2
5063,HTS_TST,r8YRRyumLLd,202408,EpiC,MSM,Positive,10
5092,HTS_TST,ebg4jkC3bpU,202407,EpiC,MSM,Positive,10
5097,HTS_TST,P0kE3O20UgM,202407,EpiC,Clients of FSW,Negative,120
5106,HTS_TST,wtgZ6KUE4Co,202408,EpiC,Clients of FSW,Negative,9
5107,HTS_TST,JZC5NyBYrun,202408,EpiC,Clients of FSW,Positive,8
5115,HTS_TST,aeZmo1nuHND,202409,EpiC,MSM,Positive,1
5117,HTS_TST,JZC5NyBYrun,202407,EpiC,Clients of FSW,Positive,14
5126,HTS_TST,zTGh5xvRTll,202409,EpiC,MSM,Negative,141
5128,HTS_TST,vAiOp9WBGkx,202409,EpiC,MSM,Positive,13
5163,HTS_TST,bhyNf6Uxwci,202409,EpiC,MSM,Negative,66
5167,HTS_TST,m8gPW8VTzDG,202408,EpiC,Clients of FSW,Positive,2
5180,HTS_TST,UFT42qTGPHW,202407,EpiC,Clients of FSW,Negative,1
5182,HTS_TST,zkLSB8mkPVk,202407,EpiC,MSM,Negative,37
5200,HTS_TST,P3RDL1BJi8E,202409,EpiC,Clients of FSW,Positive,1
5207,HTS_TST,TurcXCSre3p,202409,EpiC,Clients of FSW,Negative,57
5209,HTS_TST,OKfZCgwuQkU,202408,EpiC,MSM,Positive,10
5231,HTS_TST,P3RDL1BJi8E,202407,EpiC,Clients of FSW,Positive,10
5240,HTS_TST,zJbIKbb9nHz,202408,EpiC,MSM,Positive,2
5253,HTS_TST,HSO6su7eyv8,202408,EpiC,Clients of FSW,Negative,2
5274,HTS_TST,OSE9uU5wh5t,202407,EpiC,MSM,Positive,39
5292,HTS_TST,PdSJwtE7mI1,202408,EpiC,MSM,Negative,32
5314,HTS_TST,Q1xMNwbd67e,202409,EpiC,Clients of FSW,Negative,3
5317,HTS_TST,eWMsQvNdGjr,202407,EpiC,MSM,Positive,4
5319,HTS_TST,bhyNf6Uxwci,202407,EpiC,MSM,Negative,12
5320,HTS_TST,Hr9KuP9oTDZ,202408,EpiC,MSM,Positive,1
5327,HTS_TST,XFEfvzMajqf,202407,EpiC,Clients of FSW,Negative,2
5333,HTS_TST,cJWGNEMM0QP,202409,EpiC,Clients of FSW,Negative,35
5351,HTS_TST,uMVr3jx5oSa,202407,EpiC,Clients of FSW,Positive,2
5355,HTS_TST,qBqKMUCDz0Q,202407,EpiC,MSM,Positive,1
5364,HTS_TST,TurcXCSre3p,202407,EpiC,Clients of FSW,Negative,122
5379,HTS_TST,XDYudGNzDUd,202407,EpiC,MSM,Positive,5
5380,HTS_TST,F8tQsZ4mT5r,202409,EpiC,Clients of FSW,Negative,11
5386,HTS_TST,FJ3CpG1BjMl,202407,EpiC,MSM,Positive,10
5388,HTS_TST,CpVdOS3XNPi,202407,EpiC,Clients of FSW,Negative,52
5395,HTS_TST,H1VfEDidrjI,202409,EpiC,MSM,Negative,96
5399,HTS_TST,FJ3CpG1BjMl,202409,EpiC,MSM,Positive,5
5403,HTS_TST,IhkUe42INcI,202408,EpiC,MSM,Positive,41
5417,HTS_TST,LMS3sXVlBJS,202407,EpiC,MSM,Negative,73
5422,HTS_TST,m8X9jmCtcFn,202409,EpiC,MSM,Positive,25
5423,HTS_TST,XdmI0gx0HVG,202408,EpiC,MSM,Positive,5
5441,HTS_TST,zpQYaszlfH3,202408,EpiC,MSM,Negative,89
5452,HTS_TST,u4TxUrvTJ4s,202407,EpiC,MSM,Negative,1291
5453,HTS_TST,AXkXOLqy9bU,202408,EpiC,MSM,Positive,38
5465,HTS_TST,MtijxAhkdhp,202407,EpiC,Clients of FSW,Negative,12
5467,HTS_TST,FOaA4kdJfMm,202409,EpiC,MSM,Negative,825
5489,HTS_TST,VlgjAonWmLB,202408,EpiC,Clients of FSW,Negative,1
5491,HTS_TST,AeBsDvbaq1M,202408,EpiC,Clients of FSW,Negative,2
5508,HTS_TST,oJzjOOMWzwv,202408,EpiC,Clients of FSW,Positive,6
5529,HTS_TST,eWMsQvNdGjr,202409,EpiC,MSM,Positive,6
5543,HTS_TST,qBqKMUCDz0Q,202409,EpiC,MSM,Positive,5
5546,HTS_TST,QsZ9J0NDpFh,202407,EpiC,MSM,Negative,950
5570,HTS_TST,Q1xMNwbd67e,202407,EpiC,Clients of FSW,Negative,5
5581,HTS_TST,NakBiglSCTu,202409,EpiC,Clients of FSW,Negative,1
5582,HTS_TST,Yts7x3PtBUT,202408,EpiC,Clients of FSW,Negative,2
5596,HTS_TST,U9s4xlQLKOu,202407,EpiC,MSM,Positive,3
5601,HTS_TST,mKdRd2pKKoX,202409,EpiC,MSM,Negative,4
5602,HTS_TST,f9IfQ5jWwKv,202407,EpiC,MSM,Positive,12
5615,HTS_TST,wyVJfsO5p5c,202409,EpiC,MSM,Positive,35
5631,HTS_TST,EQIC0Os1S4C,202408,EpiC,MSM,Positive,2
5658,HTS_TST,LIsGRoPgB2J,202409,EpiC,MSM,Negative,11
5660,HTS_TST,LO4hwe7lmQe,202408,EpiC,MSM,Negative,24
5668,HTS_TST,ibtVaFPFCXo,202407,EpiC,MSM,Positive,2
5697,HTS_TST,aoF6Aq6iclZ,202409,EpiC,MSM,Negative,78
5698,HTS_TST,OWEeDc8HMQX,202409,EpiC,Clients of FSW,Negative,7
5732,HTS_TST,jKDv5Ns0taU,202409,EpiC,Clients of FSW,Negative,1
5734,HTS_TST,XegXc2FQRuJ,202408,EpiC,Clients of FSW,Positive,3
5738,HTS_TST,uV2zaUCU4Vl,202409,EpiC,Clients of FSW,Negative,7
5747,HTS_TST,uUL6zyihKd4,202407,EpiC,MSM,Positive,3
5803,HTS_TST,YDlLa2WxFi7,202408,EpiC,MSM,Negative,190
5814,HTS_TST,EaClOgCBByt,202407,EpiC,Clients of FSW,Positive,12
5828,HTS_TST,YiJkAJh8KIf,202408,EpiC,Clients of FSW,Positive,1
5829,HTS_TST,L8X8flF6ffj,202407,EpiC,MSM,Positive,1
5842,HTS_TST,EWdfxniJwNF,202409,EpiC,MSM,Negative,35
5844,HTS_TST,EAP4ZQHKcdc,202409,EpiC,MSM,Positive,29
5848,HTS_TST,x83sWTX9UtF,202409,EpiC,MSM,Negative,402
5850,HTS_TST,DXiqxkvxkKa,202407,EpiC,Clients of FSW,Positive,3
5861,HTS_TST,xKEaZMNqQoc,202409,EpiC,MSM,Positive,579
5865,HTS_TST,wUDGtMKweRe,202409,EpiC,MSM,Positive,1
5872,HTS_TST,OSE9uU5wh5t,202409,EpiC,MSM,Positive,27
5876,HTS_TST,DT3LpZWXFlR,202408,EpiC,Clients of FSW,Positive,4
5884,HTS_TST,lT64HUrbqRo,202407,EpiC,MSM,Negative,20
5885,HTS_TST,GR4yPIeyYgn,202407,EpiC,MSM,Negative,46
5904,HTS_TST,sS7Kt9UU9ix,202408,EpiC,Clients of FSW,Negative,1
5917,HTS_TST,kba2UR76bx5,202408,EpiC,MSM,Negative,2
5928,HTS_TST,hR4tFfQGmNv,202408,EpiC,Clients of FSW,Negative,20
5931,HTS_TST,H6JX5M2JufP,202409,EpiC,Clients of FSW,Positive,1
5942,HTS_TST,ZXbtrEufGI1,202408,EpiC,MSM,Negative,9
5951,HTS_TST,RSiPoGp9Z5I,202408,EpiC,Clients of FSW,Negative,1
5957,HTS_TST,gnAauwsdx1V,202408,EpiC,Clients of FSW,Positive,1
5959,HTS_TST,G40PtbYeGaX,202408,EpiC,MSM,Negative,4
5964,HTS_TST,LUkORrTc7S5,202407,EpiC,MSM,Negative,19
5968,HTS_TST,BGZpl2Ke2Tf,202408,EpiC,Clients of FSW,Positive,1
5977,HTS_TST,RaBuEijpO0j,202407,EpiC,Clients of FSW,Negative,52
5978,HTS_TST,BbjBOD2Sjg8,202409,EpiC,MSM,Negative,30
5981,HTS_TST,d87i4ajo5v4,202408,EpiC,MSM,Positive,1
5999,HTS_TST,Px3InhE0Bhv,202407,EpiC,MSM,Positive,20
6017,HTS_TST,XTy6TUzdj9c,202407,EpiC,MSM,Positive,3
6039,HTS_TST,prsou4ujheC,202407,EpiC,Clients of FSW,Positive,3
6049,HTS_TST,kuGbBUrbPag,202408,EpiC,MSM,Negative,1
6057,HTS_TST,bBS5OHjGyVG,202407,EpiC,MSM,Negative,243
6082,HTS_TST,fsH4sQSnDML,202407,EpiC,MSM,Negative,2
6094,HTS_TST,kyZesr8ZEFW,202407,EpiC,Clients of FSW,Positive,1
6113,HTS_TST,ojQAHMA0L4k,202408,EpiC,Clients of FSW,Positive,4
6117,HTS_TST,JZSFwJEoS3T,202409,EpiC,MSM,Positive,5
6121,HTS_TST,GCY1TTeB0Wd,202407,EpiC,Clients of FSW,Positive,1
6126,HTS_TST,GWk06LAwUXH,202408,EpiC,MSM,Positive,6
6127,HTS_TST,twdCpm7pX27,202407,EpiC,MSM,Negative,22
6138,HTS_TST,pl0vG8YHEQY,202407,EpiC,MSM,Negative,3
6142,HTS_TST,ouaHRoVbWPs,202408,EpiC,Clients of FSW,Positive,4
6144,HTS_TST,wQyWuQHzTnJ,202408,EpiC,MSM,Negative,1
6147,HTS_TST,WeWsNrrZQf0,202409,EpiC,MSM,Negative,2117
6152,HTS_TST,mjUjLllZk6i,202407,EpiC,Clients of FSW,Positive,5
6159,HTS_TST,faIFaR8VI1W,202409,EpiC,MSM,Positive,34
6165,HTS_TST,U1ux1V3DH3b,202407,EpiC,MSM,Positive,1
6190,HTS_TST,wkSDrxi0Eg1,202409,EpiC,Clients of FSW,Negative,1
6214,HTS_TST,f5LmkBnmJ3O,202409,EpiC,Clients of FSW,Negative,6
6217,HTS_TST,TrF7ypCVvDF,202407,EpiC,Clients of FSW,Positive,3
6223,HTS_TST,VXkRK2NOAZE,202408,EpiC,Clients of FSW,Positive,1
6228,HTS_TST,w7mPub5iKHm,202407,EpiC,Clients of FSW,Negative,2
6232,HTS_TST,IIY8CqrT9lc,202409,EpiC,MSM,Negative,71
6241,HTS_TST,KDdRSVdeFGW,202408,EpiC,MSM,Negative,7
6253,HTS_TST,wb0HBy5LxsW,202407,EpiC,Clients of FSW,Positive,10
6276,HTS_TST,FicEBM0EKtf,202407,EpiC,Clients of FSW,Positive,1
6277,HTS_TST,RFp38NjOA3y,202407,EpiC,MSM,Positive,1
6282,HTS_TST,m1ZlpEPcFDy,202409,EpiC,MSM,Negative,54
6283,HTS_TST,LR5UaWYRYXB,202409,EpiC,MSM,Positive,6
6284,HTS_TST,Jzmk4BU48a0,202407,EpiC,MSM,Positive,4
6297,HTS_TST,x5FB6zkUOHy,202408,EpiC,MSM,Positive,2
6299,HTS_TST,eOMdBlEkmQx,202407,EpiC,MSM,Negative,197
6304,HTS_TST,JRq8qlJlRyT,202409,EpiC,Clients of FSW,Negative,27
6315,HTS_TST,oTT0117kKJc,202408,EpiC,Clients of FSW,Negative,9
6317,HTS_TST,DnpGcVc2rFv,202409,EpiC,MSM,Positive,15
6326,HTS_TST,sUkJbjTIucV,202407,EpiC,MSM,Negative,260
